Rasmi,Markasi,E'lon ssilkasi,Narxi,Shahar,E'lon vaqti,
https://apollo-olx.cdnvideo.ru:443/v1/files/9h5pu7wftjk43-UZ/image;s=644x461,Chevrolet blazer,https://www.olx.uz/d/obyavlenie/chevrolet-blazer-ID2tone.html#9395ef08e3,8 500 у.е.,Мирабад,26  июль,
Rasmi,Markasi,E'lon ssilkasi,Narxi,Shahar,E'lon vaqti,
https://apollo-olx.cdnvideo.ru:443/v1/files/9h5pu7wftjk43-UZ/image;s=644x461,Chevrolet blazer,https://www.olx.uz/d/obyavlenie/chevrolet-blazer-ID2tone.html#9395ef08e3,8 500 у.е.,Мирабад,26  июль,
Rasmi,Markasi,E'lon ssilkasi,Narxi,Shahar,E'lon vaqti,
https://apollo-olx.cdnvideo.ru:443/v1/files/jnpav5xlxcy6-UZ/image;s=644x461,Дамас Ван холати у́рта,https://www.olx.uz/d/obyavlenie/damas-van-holati-urta-ID2xjVS.html#273bda126a;promoted,3 700 у.е.,Ташкент, Чиланзарский район,28  июль
https://apollo-olx.cdnvideo.ru:443/v1/files/ac5wi2l6v1td-UZ/image;s=644x461,Chevrolet Van 2019,https://www.olx.uz/d/obyavlenie/chevrolet-van-2019-ID2xhiY.html#273bda126a,6 500 у.е.,Ташкент, Шайхантахурский район,Вчера 22:25
https://apollo-olx.cdnvideo.ru:443/v1/files/56f5og2efe4p2-UZ/image;s=644x461,Срочно продам свою машину,https://www.olx.uz/d/obyavlenie/srochno-prodam-svoyu-mashinu-ID2uG2q.html#273bda126a,5 500 у.е.,Ташкент, Алмазарский район,Вчера 13:36
https://apollo-olx.cdnvideo.ru:443/v1/files/loe9zjrr7weu2-UZ/image;s=644x461,Дамас 2014 метан газ,https://www.olx.uz/d/obyavlenie/damas-2014-metan-gaz-ID2xoTl.html#273bda126a,5 500 у.е.,Гулистан,Вчера 13:19,
https://apollo-olx.cdnvideo.ru:443/v1/files/2ri24m1qw8182-UZ/image;s=644x461,Lesing Orient Auto Damas Van Aksiya!!!,https://www.olx.uz/d/obyavlenie/lesing-orient-auto-damas-van-aksiya-ID2vy20.html#273bda126a,75 928 000 сум,Ургенч,Вчера 09:06,
https://apollo-olx.cdnvideo.ru:443/v1/files/n9sjlm5e5moh3-UZ/image;s=644x461,Leasing Orient Auto Damas Van Aksiya,https://www.olx.uz/d/obyavlenie/leasing-orient-auto-damas-van-aksiya-ID2vy19.html#273bda126a,75 928 000 сум,Самарканд,Вчера 09:00,
https://apollo-olx.cdnvideo.ru:443/v1/files/ukw1fr6oja6m-UZ/image;s=644x461,Orient auto leasing yillik ustama 10% Damas VAN,https://www.olx.uz/d/obyavlenie/orient-auto-leasing-yillik-ustama-10-damas-van-ID2xlNf.html#273bda126a,75 428 000 сум,Ургенч,28  июль,
https://apollo-olx.cdnvideo.ru:443/v1/files/k2hrshjm3taj3-UZ/image;s=644x461,"Damas VAN ,,Umid Avto lizing"" yillik stafka 8%",https://www.olx.uz/d/obyavlenie/damas-van-umid-avto-lizing-yillik-stafka-8-ID2lVPL.html#273bda126a,75 928 000 сум,Фергана,28  июль,
https://apollo-olx.cdnvideo.ru:443/v1/files/bykcxroc8avv-UZ/image;s=644x461,Labo Kareyskiy Towner,https://www.olx.uz/d/obyavlenie/labo-kareyskiy-towner-ID2v4Th.html#273bda126a,5 000 у.е.,Ташкент, Чиланзарский район,28  июль
https://apollo-olx.cdnvideo.ru:443/v1/files/fdmv8h5fvp0x-UZ/image;s=644x461,Автокредит на Damas Van через банк на ваше имя!,https://www.olx.uz/d/obyavlenie/avtokredit-na-damas-van-cherez-bank-na-vashe-imya-ID2v4vi.html#273bda126a,75 928 000 сум,Ташкент, Чиланзарский район,28  июль
https://apollo-olx.cdnvideo.ru:443/v1/files/0f8jfmtamsj41-UZ/image;s=644x461,Дамас Ван. 2021!,https://www.olx.uz/d/obyavlenie/damas-van-2021-ID2v4d3.html#273bda126a,75 928 000 сум,Ташкент, Чиланзарский район,28  июль
https://apollo-olx.cdnvideo.ru:443/v1/files/2s2ub8u42hzt2-UZ/image;s=644x461,Nexia bn almawaman yoki sotaman,https://www.olx.uz/d/obyavlenie/nexia-bn-almawaman-yoki-sotaman-ID2xkMw.html#273bda126a,Обмен,Бухара,28  июль,
https://apollo-olx.cdnvideo.ru:443/v1/files/jnpav5xlxcy6-UZ/image;s=644x461,Дамас Ван холати у́рта,https://www.olx.uz/d/obyavlenie/damas-van-holati-urta-ID2xjVS.html#273bda126a;promoted,3 700 у.е.,Ташкент, Чиланзарский район,28  июль
https://apollo-olx.cdnvideo.ru:443/v1/files/8p83cpvfngs9-UZ/image;s=644x461,Lizing orient auto yillik ustama 10% Damas VAN,https://www.olx.uz/d/obyavlenie/lizing-orient-auto-yillik-ustama-10-damas-van-ID2xk3b.html#273bda126a,75 928 000 сум,Ургенч,28  июль,
https://apollo-olx.cdnvideo.ru:443/v1/files/vphqx2g0rplf-UZ/image;s=644x461,ДАМАС ВАН Таййор 1 Кунда олб кетиш имконияти бор.,https://www.olx.uz/d/obyavlenie/damas-van-tayyor-1-kunda-olb-ketish-imkoniyati-bor-ID2k38C.html#273bda126a,75 928 000 сум,Андижан,28  июль,
https://apollo-olx.cdnvideo.ru:443/v1/files/j7vcgqxihr4-UZ/image;s=644x461,LIZING ДАМАС ВАН Orient Auto lesing.,https://www.olx.uz/d/obyavlenie/lizing-damas-van-orient-auto-lesing-ID2k3xl.html#273bda126a,75 928 000 сум,Сырдарья,28  июль,
https://apollo-olx.cdnvideo.ru:443/v1/files/uw7ekeaccdsx2-UZ/image;s=644x461,LIZIZNG ORIENT AUTO Nexia 3 yillik ustama 10% QONUNIY,https://www.olx.uz/d/obyavlenie/lizizng-orient-auto-nexia-3-yillik-ustama-10-qonuniy-ID2k3mq.html#273bda126a,75 928 000 сум,Навои,28  июль,
https://apollo-olx.cdnvideo.ru:443/v1/files/dnbl2o18esjj3-UZ/image;s=644x461,LIZIZNG ORIENT AUTO damaz van yillik ustama 10% QONUNIY,https://www.olx.uz/d/obyavlenie/lizizng-orient-auto-damaz-van-yillik-ustama-10-qonuniy-ID2k24Z.html#273bda126a,75 928 000 сум,Ташкент, Алмазарский район,28  июль
https://apollo-olx.cdnvideo.ru:443/v1/files/1nkycqkkimpi3-UZ/image;s=644x461,LIZIZNG ORIENT AUTO damaz van yillik ustama 10% QONUNIY,https://www.olx.uz/d/obyavlenie/lizizng-orient-auto-damaz-van-yillik-ustama-10-qonuniy-ID2k3z3.html#273bda126a,75 928 000 сум,Карши,28  июль,
https://apollo-olx.cdnvideo.ru:443/v1/files/sypc32tnhi2o-UZ/image;s=644x461,Damas Van sotiladi,https://www.olx.uz/d/obyavlenie/damas-van-sotiladi-ID2uBKb.html#273bda126a,7 500 у.е.,Самарканд,27  июль,
https://apollo-olx.cdnvideo.ru:443/v1/files/9ff6antf2r1v-UZ/image;s=644x461,Sotiladi yoki Nexia bn almawtiriladi,https://www.olx.uz/d/obyavlenie/sotiladi-yoki-nexia-bn-almawtiriladi-ID2xiUT.html#273bda126a,5 000 у.е.,Бухара,27  июль,
https://apollo-olx.cdnvideo.ru:443/v1/files/7g96zqaspug3-UZ/image;s=644x461,Leasing Orient Auto Van Aksiya,https://www.olx.uz/d/obyavlenie/leasing-orient-auto-van-aksiya-ID2xfXs.html#273bda126a,75 928 000 сум,Карши,27  июль,
https://apollo-olx.cdnvideo.ru:443/v1/files/uz31flnlawhx-UZ/image;s=644x461,Leasing Orient Auto Laboaks,https://www.olx.uz/d/obyavlenie/leasing-orient-auto-laboaks-ID2xfYD.html#273bda126a,75 928 000 сум,Самарканд,27  июль,
https://apollo-olx.cdnvideo.ru:443/v1/files/w3yfp8x8ky812-UZ/image;s=644x461,Leasing Orient Auto Van Aksiya,https://www.olx.uz/d/obyavlenie/leasing-orient-auto-van-aksiya-ID2xg0n.html#273bda126a,75 928 000 сум,Бухара,27  июль,
https://apollo-olx.cdnvideo.ru:443/v1/files/5gdp1py5rgw13-UZ/image;s=644x461,Leasing Orient Auto Van,https://www.olx.uz/d/obyavlenie/leasing-orient-auto-van-ID2xfVR.html#273bda126a,75 928 000 сум,Самарканд,27  июль,
https://apollo-olx.cdnvideo.ru:443/v1/files/9xih08unpjuy-UZ/image;s=644x461,Damas sotiladi srochni 2 joyida kraska tegan rasxoti yo,https://www.olx.uz/d/obyavlenie/damas-sotiladi-srochni-2-joyida-kraska-tegan-rasxoti-yo-ID2x8Sj.html#273bda126a,4 800 у.е.,Ташкент, Алмазарский район,25  июль
https://apollo-olx.cdnvideo.ru:443/v1/files/jhbn8rmgkcqj2-UZ/image;s=644x461,Срочно Лабо  . Обмен бар покет Дамасга,https://www.olx.uz/d/obyavlenie/srochno-labo-obmen-bar-poket-damasga-ID2x7J0.html#273bda126a,91 000 000 сум,Кунград,24  июль,
https://apollo-olx.cdnvideo.ru:443/v1/files/hkg9gl0gqjij-UZ/image;s=644x461,Damas van 2021 salondan uyga,https://www.olx.uz/d/obyavlenie/damas-van-2021-salondan-uyga-ID2x79o.html#273bda126a,7 800 у.е.,Ташкент, Алмазарский район,24  июль
https://apollo-olx.cdnvideo.ru:443/v1/files/l2s7qrl78njr1-UZ/image;s=644x461,Тезда янги лабо сотилади,https://www.olx.uz/d/obyavlenie/tezda-yangi-labo-sotiladi-ID2vgRc.html#273bda126a,8 400 у.е.,Самарканд,23  июль,
https://apollo-olx.cdnvideo.ru:443/v1/files/o3uvclrsaal13-UZ/image;s=644x461,Damas van kreditga bank orqali nomizga chiqadi kerakli hujjat pasport,https://www.olx.uz/d/obyavlenie/damas-van-kreditga-bank-orqali-nomizga-chiqadi-kerakli-hujjat-pasport-ID2vDTw.html#273bda126a,75 928 000 сум,Ташкент, Юнусабадский район,23  июль
https://apollo-olx.cdnvideo.ru:443/v1/files/m3jp8g3kks5v1-UZ/image;s=644x461,Prodam damas van  I'll obmen,https://www.olx.uz/d/obyavlenie/prodam-damas-van-ill-obmen-ID2vWel.html#273bda126a,74 200 000 сум,Гулистан,21  июль,
https://apollo-olx.cdnvideo.ru:443/v1/files/yxqt4mz7jslo1-UZ/image;s=644x461,"DAMAS  Orient Auto Leasing"" Компанияси 10%dan Mega Aksiya !!!",https://www.olx.uz/d/obyavlenie/damas-orient-auto-leasing-kompaniyasi-10-dan-mega-aksiya-ID2ohT2.html#273bda126a,75 928 000 сум,Ташкент, Чиланзарский район,17  июль
https://apollo-olx.cdnvideo.ru:443/v1/files/0b9ihrcjhubb-UZ/image;s=644x461,Продается DAMAS VAN! Новый на счет справке!,https://www.olx.uz/d/obyavlenie/prodaetsya-damas-van-novyy-na-schet-spravke-ID2ddEj.html#273bda126a,7 900 у.е.,Ташкент, Юнусабадский район,14  июль
https://apollo-olx.cdnvideo.ru:443/v1/files/6qyezvbyzqpa1-UZ/image;s=644x461,LIZINGA LABO juda qulay narxga sotib oling,https://www.olx.uz/d/obyavlenie/lizinga-labo-juda-qulay-narxga-sotib-oling-ID2vuR4.html#273bda126a,79 198 000 сум,Ташкент, Чиланзарский район,14  июль
https://apollo-olx.cdnvideo.ru:443/v1/files/ln1toq0l5zry2-UZ/image;s=644x461,Labo 2021 pachka,https://www.olx.uz/d/obyavlenie/labo-2021-pachka-ID2viYA.html#273bda126a,92 000 000 сум,Карши,11  июль,
https://apollo-olx.cdnvideo.ru:443/v1/files/swlukfezfy5o1-UZ/image;s=644x461,Дамас новие 8300уе,https://www.olx.uz/d/obyavlenie/damas-novie-8300ue-ID2vca9.html#273bda126a,8 300 у.е.,Ташкент, Мирзо-Улугбекский район,9  июль
https://apollo-olx.cdnvideo.ru:443/v1/files/0ja5cgmoq3c8-UZ/image;s=644x461,DAMAS VAN в наличии есть.,https://www.olx.uz/d/obyavlenie/damas-van-v-nalichii-est-ID2k1QI.html#273bda126a,75 928 000 сум,Ташкент, Алмазарский район,9  июль
https://apollo-olx.cdnvideo.ru:443/v1/files/22zlc2467u1v1-UZ/image;s=644x461,Damas VAN avtomobilini yillik(godovoy)8% ustama asosida xarid qiling,https://www.olx.uz/d/obyavlenie/damas-van-avtomobilini-yillikgodovoy8-ustama-asosida-xarid-qiling-ID2vbeh.html#273bda126a,75 928 000 сум,Самарканд,9  июль,
https://apollo-olx.cdnvideo.ru:443/v1/files/me1o3d2d5bkp2-UZ/image;s=644x461,DAMAS VAN Автолизинг ДИККАТ АКЦИЯ йиллик 10% колдик суммага Шошилинг!!,https://www.olx.uz/d/obyavlenie/damas-van-avtolizing-dikkat-aktsiya-yillik-10-koldik-summaga-shoshiling-ID2mMve.html#273bda126a,75 928 000 сум,Зарафшан,6  июль,
https://apollo-olx.cdnvideo.ru:443/v1/files/455klwl2mdl1-UZ/image;s=644x461,Damas Van. Shoshiling bizda super aksiya yillik ustama 8%shoshiling,https://www.olx.uz/d/obyavlenie/damas-van-shoshiling-bizda-super-aksiya-yillik-ustama-8-shoshiling-ID2kbIi.html#273bda126a,75 928 000 сум,Карши,5  июль,
https://apollo-olx.cdnvideo.ru:443/v1/files/jnpav5xlxcy6-UZ/image;s=644x461,Дамас Ван холати у́рта,https://www.olx.uz/d/obyavlenie/damas-van-holati-urta-ID2xjVS.html#fe30f95f63;promoted,3 700 у.е.,Ташкент, Чиланзарский район,28  июль
https://apollo-olx.cdnvideo.ru:443/v1/files/odtri7f8e8a11-UZ/image;s=644x461,DAMAS VAN Shoshiling Super Aktsiya,https://www.olx.uz/d/obyavlenie/damas-van-shoshiling-super-aktsiya-ID2jPfB.html#fe30f95f63,75 928 000 сум,Самарканд,4  июль,
https://apollo-olx.cdnvideo.ru:443/v1/files/xw1h0a4i8qlj3-UZ/image;s=644x461,Дамас ван в отличном состоянии. Собранна с нуля,готова для работы.,https://www.olx.uz/d/obyavlenie/damas-van-v-otlichnom-sostoyanii-sobranna-s-nulya-gotova-dlya-raboty-ID2nxzF.html#fe30f95f63,4 800 у.е.,Кибрай,4  июль
https://apollo-olx.cdnvideo.ru:443/v1/files/sdda4fd0caeg2-UZ/image;s=644x461,Van Orient auto leasing kampaniyasi aksiya elon qildi,https://www.olx.uz/d/obyavlenie/van-orient-auto-leasing-kampaniyasi-aksiya-elon-qildi-ID2wJd5.html#fe30f95f63,75 928 000 сум,Самарканд,2  июль,
